<?xml version="1.0" encoding="UTF-8"?>
<bpel:process name="Process27" targetNamespace="ProcessNamespace" xmlns:bpel="http://docs.oasis-open.org/wsbpel/2.0/process/executable">
  <bpel:import importType="http://schemas.xmlsoap.org/wsdl/" location="testSimpleProcessSequence.wsdl" namespace="http://www.example.org/service"/>
  <bpel:partnerLinks>
    <bpel:partnerLink name="client" partnerLinkType="ser:clientPLT" partnerRole="client" myRole="compositeProvider" xmlns:ser="http://www.example.org/service"/>
    <bpel:partnerLink name="WS2" partnerLinkType="ser:WS2PLT" myRole="compositeProvider" xmlns:ser="http://www.example.org/service"/>
    <bpel:partnerLink name="WS3" partnerLinkType="ser:WS3PLT" myRole="compositeProvider" xmlns:ser="http://www.example.org/service"/>
  </bpel:partnerLinks>
  <bpel:variables>
    <bpel:variable name="request" messageType="ser:Request" xmlns:ser="http://www.example.org/service"/>
    <bpel:variable name="response" messageType="ser:Response" xmlns:ser="http://www.example.org/service"/>
    <bpel:variable name="d1" messageType="ser:d1" xmlns:ser="http://www.example.org/service"/>
    <bpel:variable name="d3" messageType="ser:d3" xmlns:ser="http://www.example.org/service"/>
    <bpel:variable name="d9" messageType="ser:d9" xmlns:ser="http://www.example.org/service"/>
    <bpel:variable name="d8" messageType="ser:d8" xmlns:ser="http://www.example.org/service"/>
    <bpel:variable name="d5" messageType="ser:d5" xmlns:ser="http://www.example.org/service"/>
    <bpel:variable name="d7" messageType="ser:d7" xmlns:ser="http://www.example.org/service"/>
    <bpel:variable name="d6" messageType="ser:d6" xmlns:ser="http://www.example.org/service"/>
  </bpel:variables>
  <bpel:sequence name="mainSequence">
    <bpel:receive name="receive" createInstance="yes" variable="request" operation="searchRepsitory" partnerLink="client" portType="ser:lns:SearchWSPT" xmlns:ser="http://www.example.org/service"/>
    <bpel:flow>
      <bpel:links/>
      <bpel:invoke name="invoke" operation="Op23"/>
      <bpel:invoke name="invoke" operation="Op13"/>
      <bpel:invoke name="invoke" operation="Op11"/>
      <bpel:invoke name="invoke" operation="OS3"/>
      <bpel:invoke name="invoke" operation="OS1"/>
      <bpel:invoke name="invoke" operation="Op25"/>
      <bpel:invoke name="invoke" operation="OS4"/>
      <bpel:invoke name="invoke" operation="OS5"/>
    </bpel:flow>
    <bpel:sequence>
      <bpel:invoke name="invoke" operation="Op23"/>
      <bpel:invoke name="invoke" operation="Op13"/>
      <bpel:invoke name="invoke" operation="Op11"/>
      <bpel:invoke name="invoke" operation="OS3"/>
      <bpel:invoke name="invoke" operation="OS1"/>
      <bpel:invoke name="invoke" operation="Op25"/>
      <bpel:invoke name="invoke" operation="OS4"/>
      <bpel:invoke name="invoke" operation="OS5"/>
    </bpel:sequence>
    <bpel:reply name="reply" variable="response" operation="operation" partnerLink="processPL" portType="ser:Porttype" xmlns:ser="http://www.example.org/service"/>
  </bpel:sequence>
</bpel:process>