<?xml version="1.0" encoding="UTF-8"?>
<bpel:process name="Process22" targetNamespace="ProcessNamespace" xmlns:bpel="http://docs.oasis-open.org/wsbpel/2.0/process/executable">
  <bpel:import importType="http://schemas.xmlsoap.org/wsdl/" location="testSimpleProcessSequence.wsdl" namespace="http://www.example.org/service"/>
  <bpel:partnerLinks>
    <bpel:partnerLink name="client" partnerLinkType="ser:clientPLT" partnerRole="client" myRole="compositeProvider" xmlns:ser="http://www.example.org/service"/>
    <bpel:partnerLink name="WS4" partnerLinkType="ser:WS4PLT" myRole="compositeProvider" xmlns:ser="http://www.example.org/service"/>
    <bpel:partnerLink name="WS2" partnerLinkType="ser:WS2PLT" myRole="compositeProvider" xmlns:ser="http://www.example.org/service"/>
    <bpel:partnerLink name="WS3" partnerLinkType="ser:WS3PLT" myRole="compositeProvider" xmlns:ser="http://www.example.org/service"/>
  </bpel:partnerLinks>
  <bpel:variables>
    <bpel:variable name="request" messageType="ser:Request" xmlns:ser="http://www.example.org/service"/>
    <bpel:variable name="response" messageType="ser:Response" xmlns:ser="http://www.example.org/service"/>
    <bpel:variable name="d2" messageType="ser:d2" xmlns:ser="http://www.example.org/service"/>
    <bpel:variable name="d3" messageType="ser:d3" xmlns:ser="http://www.example.org/service"/>
    <bpel:variable name="d10" messageType="ser:d10" xmlns:ser="http://www.example.org/service"/>
    <bpel:variable name="d8" messageType="ser:d8" xmlns:ser="http://www.example.org/service"/>
  </bpel:variables>
  <bpel:sequence name="mainSequence">
    <bpel:receive name="receive" createInstance="yes" variable="request" operation="searchRepsitory" partnerLink="client" portType="ser:lns:SearchWSPT" xmlns:ser="http://www.example.org/service"/>
    <bpel:flow>
      <bpel:links/>
      <bpel:invoke name="invoke" operation="Op12"/>
      <bpel:invoke name="invoke" operation="Op24"/>
      <bpel:invoke name="invoke" operation="Op11"/>
      <bpel:invoke name="invoke" operation="OS3"/>
      <bpel:invoke name="invoke" operation="OS1"/>
      <bpel:invoke name="invoke" operation="Op15"/>
      <bpel:invoke name="invoke" operation="OS4"/>
    </bpel:flow>
    <bpel:sequence>
      <bpel:invoke name="invoke" operation="Op12"/>
      <bpel:invoke name="invoke" operation="Op24"/>
      <bpel:invoke name="invoke" operation="Op11"/>
      <bpel:invoke name="invoke" operation="OS3"/>
      <bpel:invoke name="invoke" operation="OS1"/>
      <bpel:invoke name="invoke" operation="Op15"/>
      <bpel:invoke name="invoke" operation="OS4"/>
    </bpel:sequence>
    <bpel:reply name="reply" variable="response" operation="operation" partnerLink="processPL" portType="ser:Porttype" xmlns:ser="http://www.example.org/service"/>
  </bpel:sequence>
</bpel:process>